"Page","SizeKB","Lines","InlineStyle","HexColors","RgbColors","HardcodedInInlineStyle","Placeholders","ScriptBlocks","StyleBlocks"
"pages\agency\_seed-credit-data.html","11.3","287","3","20","0","1","0","4","1"
"pages\agency\index.html","71","1001","42","25","0","2","0","7","1"
"pages\agency\my-orders.html","9.1","154","5","0","0","0","0","7","1"
"pages\agency\order.html","24","376","24","8","0","0","0","7","1"
"pages\agency\order-detail.html","22.4","288","31","16","0","0","12","7","1"
"pages\agency\seller-board.html","33.3","476","55","6","0","4","4","7","1"
"pages\agreement\privacy.html","3.2","56","4","0","0","0","0","3","2"
"pages\agreement\user.html","3.7","64","4","0","0","0","0","5","2"
"pages\all-listings.html","33.2","566","7","85","0","3","0","4","1"
"pages\api\index.html","6.3","126","16","12","0","3","0","6","1"
"pages\auth\banned.html","5.3","110","19","3","0","2","0","6","0"
"pages\auth\login.html","8.6","97","10","0","0","0","0","5","1"
"pages\auth\register.html","8.2","146","10","2","0","0","0","7","1"
"pages\cards\index.html","15.5","250","1","3","0","0","0","4","1"
"pages\co-create\index.html","41.8","619","20","48","0","4","0","6","1"
"pages\company\index.html","16.3","260","17","2","0","0","0","5","1"
"pages\distribution\earnings.html","15.6","219","28","1","0","1","0","7","1"
"pages\distribution\index.html","37","539","40","15","0","1","0","7","1"
"pages\distribution\poster.html","19.3","291","20","25","0","1","2","7","1"
"pages\distribution\team.html","14","211","23","4","0","1","0","7","1"
"pages\editor-deep-audit.html","24.2","285","4","54","0","2","3","0","1"
"pages\editor-evaluation.html","36.9","473","23","50","0","10","0","0","1"
"pages\favorite\index.html","7.3","167","12","3","0","0","0","6","1"
"pages\franchise\delegate-edit.html","8.3","152","4","0","0","0","0","5","1"
"pages\franchise\index.html","70.6","1114","17","8","0","0","1","7","1"
"pages\guide\index.html","23.2","437","5","11","0","0","0","5","1"
"pages\help\index.html","44.6","608","15","0","0","0","0","6","1"
"pages\industry\index.html","7.8","145","11","8","0","0","0","6","1"
"pages\match\preferences.html","5.6","133","3","1","0","0","0","5","1"
"pages\message\chat.html","6","122","6","0","0","0","0","4","1"
"pages\message\index.html","11.7","181","35","3","0","1","0","6","1"
"pages\message\system.html","8.5","174","2","0","0","0","0","6","2"
"pages\monitor\index.html","13.9","218","40","0","0","0","0","5","1"
"pages\order\detail.html","20.7","363","51","0","0","0","1","6","0"
"pages\order\index.html","13.5","285","22","6","0","0","0","7","1"
"pages\personal\index.html","25.1","400","31","0","0","0","0","8","1"
"pages\personnel\index.html","89.5","1460","36","5","0","1","2","7","1"
"pages\profile\about.html","9.4","156","20","0","0","0","0","4","1"
"pages\profile\all-functions.html","22.3","474","2","48","0","2","0","4","1"
"pages\profile\auth.html","35.5","670","22","8","0","0","19","6","1"
"pages\profile\auth-enterprise.html","39.2","617","95","1","0","0","1","6","1"
"pages\profile\auth-partner.html","24.6","476","24","3","0","0","1","6","1"
"pages\profile\auth-payment.html","2.6","45","11","0","0","0","0","2","0"
"pages\profile\auth-personal.html","18.2","322","12","2","0","0","1","6","1"
"pages\profile\auth-prep.html","21.3","432","10","2","0","0","0","6","1"
"pages\profile\auth-qualification.html","99.9","1875","110","3","0","0","2","7","1"
"pages\profile\auth-result.html","9","134","11","9","0","0","0","6","1"
"pages\profile\contact.html","2.5","46","6","0","0","0","0","3","0"
"pages\profile\delegate-detail.html","5.1","117","1","0","0","0","0","5","0"
"pages\profile\delegate-edit.html","6.5","144","4","0","0","0","0","5","0"
"pages\profile\delegate-new.html","3.8","89","3","0","0","0","0","5","0"
"pages\profile\delegates.html","7","165","3","0","0","0","0","5","1"
"pages\profile\edit.html","4.1","84","6","0","0","0","0","3","0"
"pages\profile\edit-profile.html","16","577","5","51","0","0","0","3","1"
"pages\profile\entry.html","22.4","349","17","30","0","0","0","6","1"
"pages\profile\entry-form.html","50.8","1011","38","3","0","1","1","6","1"
"pages\profile\entry-personal-result.html","18.3","309","16","8","0","2","0","6","1"
"pages\profile\entry-result.html","13.1","219","12","4","0","1","0","6","1"
"pages\profile\entry-review.html","18.5","308","17","9","0","0","6","6","1"
"pages\profile\general-setting.html","2.1","48","2","0","0","0","0","3","0"
"pages\profile\history.html","15.1","462","0","14","0","0","0","5","1"
"pages\profile\index.html","106.3","3354","47","163","0","4","0","7","1"
"pages\profile\my-applies.html","12.7","208","8","9","0","0","0","6","1"
"pages\profile\notify.html","2.6","43","5","0","0","0","0","3","0"
"pages\profile\privacy.html","16.1","337","4","3","0","0","0","5","1"
"pages\profile\resume-edit.html","66.5","1255","16","29","0","0","0","5","1"
"pages\profile\security.html","2.6","54","7","0","0","0","0","3","0"
"pages\profile\settings.html","4.8","63","3","0","0","0","0","3","0"
"pages\publish\drafts.html","6.2","60","15","0","0","0","0","6","1"
"pages\publish\editor.html","195.8","2764","52","30","0","4","1","6","1"
"pages\publish\index.html","16.8","203","16","0","0","0","0","7","1"
"pages\publish\records.html","11.3","93","16","1","0","0","0","6","1"
"pages\publish\success.html","7.3","96","29","0","0","0","0","6","1"
"pages\publish\unlocked.html","7.5","68","16","0","0","0","0","7","1"
"pages\refund\appeal.html","10.6","214","19","0","0","0","0","4","1"
"pages\refund\index.html","37.3","977","23","8","0","0","0","3","1"
"pages\search\business.html","17.9","479","2","6","0","0","1","5","1"
"pages\search\index.html","8.3","138","27","0","0","0","0","3","0"
"pages\search\result.html","20.4","408","20","0","0","0","0","6","0"
"pages\state\index.html","3.1","54","20","0","0","0","0","3","0"
"pages\supply\detail.html","38.2","487","11","23","0","0","0","10","1"
"pages\supply\list.html","26","459","16","6","0","1","0","6","1"
"pages\trade\index.html","61.1","925","5","8","0","0","1","6","1"
"pages\vendor\dashboard.html","6","115","8","0","0","0","0","6","1"
"pages\vendor\upgrades.html","9.5","194","17","11","0","0","0","6","1"
"pages\wallet\bank-cards.html","6.7","130","9","0","0","0","0","5","1"
"pages\wallet\corporate-pay.html","5.4","84","15","0","0","0","0","3","1"
"pages\wallet\corp-pay.html","13.7","266","14","1","0","0","0","5","1"
"pages\wallet\credits.html","33.4","656","29","26","0","1","0","5","1"
"pages\wallet\credits-mall.html","13.8","248","10","8","0","0","0","5","1"
"pages\wallet\credits-rules.html","11.6","174","13","5","0","2","0","5","1"
"pages\wallet\escrow.html","6.4","86","8","5","0","0","0","1","1"
"pages\wallet\free-quota.html","12.6","212","15","9","0","1","0","5","1"
"pages\wallet\index.html","43","678","36","29","0","1","0","6","1"
"pages\wallet\invoice.html","15.7","320","19","0","0","0","0","7","0"
"pages\wallet\invoice-info.html","5.5","114","15","0","0","0","0","6","0"
"pages\wallet\invoice-info-edit.html","6.9","153","8","0","0","0","0","6","0"
"pages\wallet\invoice-record.html","5.9","129","10","0","0","0","0","7","0"
"pages\wallet\invoice-title-new.html","6.1","121","7","0","0","0","0","6","0"
"pages\wallet\membership.html","8.4","186","2","8","0","0","0","5","1"
"pages\wallet\payment-method.html","3.2","50","11","0","0","0","0","2","0"
"pages\wallet\recharge.html","23.8","426","29","8","0","3","0","7","1"
"pages\wallet\unlock-records.html","8.2","174","12","0","0","0","0","5","1"
"pages\wallet\withdraw.html","18.4","330","43","3","0","3","0","6","0"
